cell_#,angle_of_attachment,aspect_ratio,number_of_cells,cumulative_overlap,cumulative_squared_overlap,max_overlap_of_single_cell,generation_#
0,0.785398,1.200000,1,0,0,0,0
1,0.785398,1.200000,2,0.000000,0.000000,0.000000,1
2,0.785398,1.200000,3,3.764539,14.171754,3.764539,2
3,0.785398,1.200000,4,3.764539,14.171754,3.764539,2
4,0.785398,1.200000,5,7.529078,28.343508,3.764539,3
5,0.785398,1.200000,6,16.380036,106.682965,8.850958,3
6,0.785398,1.200000,7,16.380036,106.682965,8.850958,3
7,0.785398,1.200000,8,16.380036,106.682965,8.850958,3
8,0.785398,1.200000,9,48.533186,545.427655,23.302192,4
9,0.785398,1.200000,10,62.001274,858.688649,23.302192,4
10,0.785398,1.200000,11,70.852231,937.028106,23.302192,4
11,0.785398,1.200000,12,81.098808,1062.398483,23.302192,4
12,0.785398,1.200000,13,81.098808,1062.398483,23.302192,4
13,0.785398,1.200000,14,81.098808,1062.398483,23.302192,4
14,0.785398,1.200000,15,81.098808,1062.398483,23.302192,4
15,0.785398,1.200000,16,81.098808,1062.398483,23.302192,4
16,0.785398,1.200000,17,159.573553,2794.542983,26.552874,5
17,0.785398,1.200000,18,168.424511,3029.561354,26.552874,5
18,0.785398,1.200000,19,177.275469,3107.900811,26.552874,5
19,0.785398,1.200000,20,186.126427,3186.240268,26.552874,5
20,0.785398,1.200000,21,194.977385,3264.579725,26.552874,5
21,0.785398,1.200000,22,203.828343,3342.919182,26.552874,5
22,0.785398,1.200000,23,203.828343,3342.919182,26.552874,5
23,0.785398,1.200000,24,209.328846,3496.836589,26.552874,5
24,0.785398,1.200000,25,209.328846,3496.836589,26.552874,5
25,0.785398,1.200000,26,209.328846,3496.836589,26.552874,5
26,0.785398,1.200000,27,209.328846,3496.836589,26.552874,5
27,0.785398,1.200000,28,209.328846,3496.836589,26.552874,5
28,0.785398,1.200000,29,209.328846,3496.836589,26.552874,5
29,0.785398,1.200000,30,209.328846,3496.836589,26.552874,5
30,0.785398,1.200000,31,304.166814,5691.656514,35.403832,6
31,0.785398,1.200000,32,313.017772,6083.353799,35.403832,6
32,0.785398,1.200000,33,331.749903,6598.317296,35.403832,6
33,0.785398,1.200000,34,357.216229,7151.434601,35.403832,6
34,0.785398,1.200000,35,366.067187,7386.452972,35.403832,6
35,0.785398,1.200000,36,395.767491,8133.931352,35.403832,6
36,0.785398,1.200000,37,404.618449,8336.005760,41.786253,6
37,0.785398,1.200000,38,413.469407,8710.542106,41.786253,6
38,0.785398,1.200000,39,438.854067,9539.246563,41.786253,6
39,0.785398,1.200000,40,447.705025,9617.586020,41.786253,6
40,0.785398,1.200000,41,456.555983,9695.925477,41.786253,6
41,0.785398,1.200000,42,465.406941,9774.264934,41.786253,6
42,0.785398,1.200000,43,474.257899,9852.604391,41.786253,6
43,0.785398,1.200000,44,476.156620,9942.058052,41.786253,6
44,0.785398,1.200000,45,476.156620,9942.058052,41.786253,6
45,0.785398,1.200000,46,476.156620,9942.058052,41.786253,6
46,0.785398,1.200000,47,476.156620,9942.058052,41.786253,6
47,0.785398,1.200000,48,476.156620,9942.058052,41.786253,6
48,0.785398,1.200000,49,476.156620,9942.058052,41.786253,6
49,0.785398,1.200000,50,479.114174,10055.513903,41.786253,6
50,0.785398,1.200000,51,479.114174,10055.513903,41.786253,6
51,0.785398,1.200000,52,479.114174,10055.513903,41.786253,6
52,0.785398,1.200000,53,479.114174,10055.513903,41.786253,6
53,0.785398,1.200000,54,479.114174,10055.513903,41.786253,6
54,0.785398,1.200000,55,479.114174,10055.513903,41.786253,6
55,0.785398,1.200000,56,790.464207,19947.918666,44.254790,7
56,0.785398,1.200000,57,802.136081,20537.027104,44.254790,7
57,0.785398,1.200000,58,829.602788,22062.515187,46.623755,7
58,0.785398,1.200000,59,845.457287,22732.377250,46.623755,7
59,0.785398,1.200000,60,865.900677,23552.280484,46.623755,7
60,0.785398,1.200000,61,883.602593,24022.317227,46.623755,7
61,0.785398,1.200000,62,894.352272,24197.320629,46.623755,7
62,0.785398,1.200000,63,903.203230,24275.660086,46.623755,7
63,0.785398,1.200000,64,912.054188,24353.999544,46.623755,7
64,0.785398,1.200000,65,926.537436,24510.272330,46.623755,7
65,0.785398,1.200000,66,935.388394,24588.611787,46.623755,7
66,0.785398,1.200000,67,944.239352,24666.951244,46.623755,7
67,0.785398,1.200000,68,987.655193,25768.905053,46.623755,7
68,0.785398,1.200000,69,996.506150,25847.244510,46.623755,7
69,0.785398,1.200000,70,1005.357108,25925.583967,46.623755,7
70,0.785398,1.200000,71,1014.208066,26003.923424,46.623755,7
71,0.785398,1.200000,72,1023.059024,26082.262881,46.623755,7
72,0.785398,1.200000,73,1025.012801,26151.919207,46.623755,7
73,0.785398,1.200000,74,1025.012801,26151.919207,46.623755,7
74,0.785398,1.200000,75,1025.012801,26151.919207,46.623755,7
75,0.785398,1.200000,76,1034.894116,26424.477783,46.623755,7
76,0.785398,1.200000,77,1034.894116,26424.477783,46.623755,7
77,0.785398,1.200000,78,1034.894116,26424.477783,46.623755,7
78,0.785398,1.200000,79,1040.515701,26661.128369,46.623755,7
79,0.785398,1.200000,80,1040.515701,26661.128369,46.623755,7
80,0.785398,1.200000,81,1040.515701,26661.128369,46.623755,7
81,0.785398,1.200000,82,1040.515701,26661.128369,46.623755,7
82,0.785398,1.200000,83,1040.515701,26661.128369,46.623755,7
83,0.785398,1.200000,84,1040.515701,26661.128369,46.623755,7
84,0.785398,1.200000,85,1040.515701,26661.128369,46.623755,7
85,0.785398,1.200000,86,1040.515701,26661.128369,46.623755,7
86,0.785398,1.200000,87,1040.515701,26661.128369,46.623755,7
87,0.785398,1.200000,88,1040.515701,26661.128369,46.623755,7
88,0.785398,1.200000,89,1040.515701,26661.128369,46.623755,7
89,0.785398,1.200000,90,1040.515701,26661.128369,46.623755,7
90,0.785398,1.200000,91,1040.515701,26661.128369,46.623755,7
91,0.785398,1.200000,92,1040.515701,26661.128369,46.623755,7
92,0.785398,1.200000,93,1040.515701,26661.128369,46.623755,7
93,0.785398,1.200000,94,1040.515701,26661.128369,46.623755,7
94,0.785398,1.200000,95,1040.515701,26661.128369,46.623755,7
95,0.785398,1.200000,96,1040.515701,26661.128369,46.623755,7
96,0.785398,1.200000,97,1352.753334,34205.290499,53.105748,8
97,0.785398,1.200000,98,1378.052307,35380.032575,53.105748,8
98,0.785398,1.200000,99,1411.772646,37477.590134,53.105748,8
99,0.785398,1.200000,100,1456.010832,40165.219775,53.105748,8
100,0.785398,1.200000,101,1502.130620,43531.905232,53.105748,8
101,0.785398,1.200000,102,1517.608010,44374.996236,53.105748,8
102,0.785398,1.200000,103,1544.465721,45421.242267,53.105748,8
103,0.785398,1.200000,104,1591.603665,47244.276787,53.105748,8
104,0.785398,1.200000,105,1661.402644,50301.391890,53.105748,8
105,0.785398,1.200000,106,1670.253602,50536.410261,53.105748,8
106,0.785398,1.200000,107,1684.576554,50959.407009,53.105748,8
107,0.785398,1.200000,108,1694.402639,51235.246025,53.105748,8
108,0.785398,1.200000,109,1704.188179,51487.681744,53.105748,8
109,0.785398,1.200000,110,1728.490509,52533.524509,55.926947,8
110,0.785398,1.200000,111,1737.341467,52611.863966,55.926947,8
111,0.785398,1.200000,112,1746.192425,52690.203423,55.926947,8
112,0.785398,1.200000,113,1765.835637,53271.949744,55.926947,8
113,0.785398,1.200000,114,1774.686595,53350.289201,55.926947,8
114,0.785398,1.200000,115,1802.175236,55221.374240,61.797787,8
115,0.785398,1.200000,116,1822.058320,55839.777430,61.797787,8
116,0.785398,1.200000,117,1833.440503,56487.058209,61.797787,8
117,0.785398,1.200000,118,1842.291460,56565.397666,61.797787,8
118,0.785398,1.200000,119,1842.291460,56565.397666,61.797787,8
119,0.785398,1.200000,120,1851.142418,56643.737123,61.797787,8
120,0.785398,1.200000,121,1859.993376,56722.076580,61.797787,8
121,0.785398,1.200000,122,1868.844334,56800.416037,61.797787,8
122,0.785398,1.200000,123,1877.695292,56878.755494,61.797787,8
123,0.785398,1.200000,124,1886.546250,56957.094951,61.797787,8
124,0.785398,1.200000,125,1895.397208,57035.434409,61.797787,8
125,0.785398,1.200000,126,1905.221435,57133.889291,61.797787,8
126,0.785398,1.200000,127,1914.072393,57212.228748,61.797787,8
127,0.785398,1.200000,128,1922.923351,57290.568205,61.797787,8
128,0.785398,1.200000,129,1936.335043,58592.967503,61.797787,8
129,0.785398,1.200000,130,1947.910371,58999.236726,61.797787,8
130,0.785398,1.200000,131,1947.910371,58999.236726,61.797787,8
131,0.785398,1.200000,132,1947.910371,58999.236726,61.797787,8
132,0.785398,1.200000,133,1947.910371,58999.236726,61.797787,8
133,0.785398,1.200000,134,1951.853702,59014.786582,61.797787,8
134,0.785398,1.200000,135,1951.853702,59014.786582,61.797787,8
135,0.785398,1.200000,136,1951.853702,59014.786582,61.797787,8
136,0.785398,1.200000,137,1951.853702,59014.786582,61.797787,8
137,0.785398,1.200000,138,1951.853702,59014.786582,61.797787,8
138,0.785398,1.200000,139,1951.853702,59014.786582,61.797787,8
139,0.785398,1.200000,140,1951.853702,59014.786582,61.797787,8
140,0.785398,1.200000,141,1951.853702,59014.786582,61.797787,8
141,0.785398,1.200000,142,1951.853702,59014.786582,61.797787,8
142,0.785398,1.200000,143,1951.853702,59014.786582,61.797787,8
143,0.785398,1.200000,144,1951.853702,59014.786582,61.797787,8
144,0.785398,1.200000,145,1951.853702,59014.786582,61.797787,8
145,0.785398,1.200000,146,1951.853702,59014.786582,61.797787,8
146,0.785398,1.200000,147,1951.853702,59014.786582,61.797787,8
147,0.785398,1.200000,148,1951.853702,59014.786582,61.797787,8
148,0.785398,1.200000,149,1951.853702,59014.786582,61.797787,8
149,0.785398,1.200000,150,1951.853702,59014.786582,61.797787,8
150,0.785398,1.200000,151,1962.987059,59704.839952,61.797787,8
151,0.785398,1.200000,152,1962.987059,59704.839952,61.797787,8
152,0.785398,1.200000,153,1964.918116,59785.472910,61.797787,8
153,0.785398,1.200000,154,1964.918116,59785.472910,61.797787,8
154,0.785398,1.200000,155,1964.918116,59785.472910,61.797787,8
155,0.785398,1.200000,156,1964.918116,59785.472910,61.797787,8
156,0.785398,1.200000,157,1964.918116,59785.472910,61.797787,8
157,0.785398,1.200000,158,1964.918116,59785.472910,61.797787,8
158,0.785398,1.200000,159,1964.918116,59785.472910,61.797787,8
159,0.785398,1.200000,160,1964.918116,59785.472910,61.797787,8
160,0.785398,1.200000,161,1964.918116,59785.472910,61.797787,8
161,0.785398,1.200000,162,1964.918116,59785.472910,61.797787,8
162,0.785398,1.200000,163,1964.918116,59785.472910,61.797787,8
163,0.785398,1.200000,164,1964.918116,59785.472910,61.797787,8
164,0.785398,1.200000,165,1964.918116,59785.472910,61.797787,8
165,0.785398,1.200000,166,1964.918116,59785.472910,61.797787,8
166,0.785398,1.200000,167,1964.918116,59785.472910,61.797787,8
167,0.785398,1.200000,168,2577.243986,73341.121064,64.777905,9
168,0.785398,1.200000,169,2633.086616,77794.876230,68.798616,9
169,0.785398,1.200000,170,2688.659829,81840.332246,68.798616,9
170,0.785398,1.200000,171,2785.358805,89020.416628,68.798616,9
171,0.785398,1.200000,172,2820.141629,91272.257981,68.798616,9
172,0.785398,1.200000,173,2844.267427,92167.669971,68.798616,9
173,0.785398,1.200000,174,2871.060286,93756.592250,68.798616,9
174,0.785398,1.200000,175,2879.911244,94469.142977,68.798616,9
175,0.785398,1.200000,176,2897.041133,95061.634905,68.798616,9
176,0.785398,1.200000,177,2928.674255,96287.703059,68.798616,9
177,0.785398,1.200000,178,2971.527216,98450.550157,68.798616,9
178,0.785398,1.200000,179,2993.917812,99491.801357,68.798616,9
179,0.785398,1.200000,180,3050.549221,101940.406926,68.798616,9
180,0.785398,1.200000,181,3113.132256,105665.910995,68.798616,9
181,0.785398,1.200000,182,3135.284825,107122.172839,68.798616,9
182,0.785398,1.200000,183,3160.058634,108083.280788,68.798616,9
183,0.785398,1.200000,184,3187.784952,109591.572513,68.798616,9
184,0.785398,1.200000,185,3214.787560,110020.032896,68.798616,9
185,0.785398,1.200000,186,3233.279263,110690.344543,68.798616,9
186,0.785398,1.200000,187,3259.596679,111279.023571,68.798616,9
187,0.785398,1.200000,188,3268.447637,111514.041942,68.798616,9
188,0.785398,1.200000,189,3286.262254,111988.081457,68.798616,9
189,0.785398,1.200000,190,3295.113212,112223.099828,68.798616,9
190,0.785398,1.200000,191,3314.063984,112849.800929,68.798616,9
191,0.785398,1.200000,192,3322.914942,113084.819300,68.798616,9
192,0.785398,1.200000,193,3376.137313,118236.778773,81.423760,9
193,0.785398,1.200000,194,3392.178696,118973.573905,81.423760,9
194,0.785398,1.200000,195,3417.954322,120175.912686,81.423760,9
195,0.785398,1.200000,196,3426.805280,120254.252143,81.423760,9
196,0.785398,1.200000,197,3488.247480,123124.818997,81.423760,9
197,0.785398,1.200000,198,3505.203035,123576.139382,81.423760,9
198,0.785398,1.200000,199,3529.134107,125647.559933,81.423760,9
199,0.785398,1.200000,200,3545.539885,126088.866840,81.423760,9
200,0.785398,1.200000,201,3545.539885,126088.866840,81.423760,9
201,0.785398,1.200000,202,3581.684803,127223.558690,81.423760,9
202,0.785398,1.200000,203,3593.609152,127688.848600,81.423760,9
203,0.785398,1.200000,204,3606.365009,127851.560506,81.423760,9
204,0.785398,1.200000,205,3638.491565,129431.534078,81.423760,9
205,0.785398,1.200000,206,3647.342523,129509.873535,81.423760,9
206,0.785398,1.200000,207,3656.193480,129588.212992,81.423760,9
207,0.785398,1.200000,208,3665.044438,129701.331795,81.423760,9
208,0.785398,1.200000,209,3681.051916,129845.189064,81.423760,9
209,0.785398,1.200000,210,3689.902874,129923.528521,81.423760,9
210,0.785398,1.200000,211,3689.902874,129923.528521,81.423760,9
211,0.785398,1.200000,212,3698.753832,130001.867978,81.423760,9
212,0.785398,1.200000,213,3707.604790,130080.207435,81.423760,9
213,0.785398,1.200000,214,3737.243651,130820.953519,81.423760,9
214,0.785398,1.200000,215,3746.094609,130899.292976,81.423760,9
215,0.785398,1.200000,216,3754.945567,130977.632433,81.423760,9
216,0.785398,1.200000,217,3763.796525,131153.150559,81.423760,9
217,0.785398,1.200000,218,3763.796525,131153.150559,81.423760,9
218,0.785398,1.200000,219,3772.647483,131498.912280,81.423760,9
219,0.785398,1.200000,220,3781.498441,131577.251737,81.423760,9
220,0.785398,1.200000,221,3790.349399,131655.591194,81.423760,9
221,0.785398,1.200000,222,3799.200357,131733.930651,81.423760,9
222,0.785398,1.200000,223,3808.051315,131812.270108,81.423760,9
223,0.785398,1.200000,224,3817.894962,131909.167507,81.423760,9
224,0.785398,1.200000,225,3832.570751,132301.004378,81.423760,9
225,0.785398,1.200000,226,3860.721613,134517.972871,81.423760,9
226,0.785398,1.200000,227,3881.423529,136582.248359,81.423760,9
227,0.785398,1.200000,228,3895.205627,136984.297869,81.423760,9
228,0.785398,1.200000,229,3906.118557,137123.967056,81.423760,9
229,0.785398,1.200000,230,3906.118557,137123.967056,81.423760,9
230,0.785398,1.200000,231,3912.769312,137558.866076,81.423760,9
231,0.785398,1.200000,232,3912.769312,137558.866076,81.423760,9
232,0.785398,1.200000,233,3913.750501,137591.277232,81.423760,9
233,0.785398,1.200000,234,3913.750501,137591.277232,81.423760,9
234,0.785398,1.200000,235,3936.603106,139104.320952,81.423760,9
235,0.785398,1.200000,236,3936.603106,139104.320952,81.423760,9
236,0.785398,1.200000,237,3936.603106,139104.320952,81.423760,9
237,0.785398,1.200000,238,3936.603106,139104.320952,81.423760,9
238,0.785398,1.200000,239,3943.254645,139286.201824,81.423760,9
239,0.785398,1.200000,240,3943.254645,139286.201824,81.423760,9
240,0.785398,1.200000,241,3959.566287,140178.667430,81.423760,9
241,0.785398,1.200000,242,3985.336064,141246.774900,81.423760,9
242,0.785398,1.200000,243,3985.336064,141246.774900,81.423760,9
243,0.785398,1.200000,244,3985.336064,141246.774900,81.423760,9
244,0.785398,1.200000,245,3985.336064,141246.774900,81.423760,9
245,0.785398,1.200000,246,3986.297680,141316.779486,81.423760,9
246,0.785398,1.200000,247,3986.297680,141316.779486,81.423760,9
247,0.785398,1.200000,248,3986.297680,141316.779486,81.423760,9
248,0.785398,1.200000,249,3986.297680,141316.779486,81.423760,9
249,0.785398,1.200000,250,3987.284286,141346.050078,81.423760,9
250,0.785398,1.200000,251,3987.284286,141346.050078,81.423760,9
251,0.785398,1.200000,252,3999.696085,141960.916368,81.423760,9
252,0.785398,1.200000,253,3999.696085,141960.916368,81.423760,9
253,0.785398,1.200000,254,3999.696085,141960.916368,81.423760,9
254,0.785398,1.200000,255,3999.696085,141960.916368,81.423760,9
255,0.785398,1.200000,256,3999.696085,141960.916368,81.423760,9
256,0.785398,1.200000,257,3999.696085,141960.916368,81.423760,9
257,0.785398,1.200000,258,3999.696085,141960.916368,81.423760,9
258,0.785398,1.200000,259,3999.696085,141960.916368,81.423760,9
259,0.785398,1.200000,260,4014.010819,142623.687600,81.423760,9
260,0.785398,1.200000,261,4014.010819,142623.687600,81.423760,9
261,0.785398,1.200000,262,4014.010819,142623.687600,81.423760,9
262,0.785398,1.200000,263,4014.010819,142623.687600,81.423760,9
263,0.785398,1.200000,264,4014.010819,142623.687600,81.423760,9
264,0.785398,1.200000,265,4014.010819,142623.687600,81.423760,9
265,0.785398,1.200000,266,4014.010819,142623.687600,81.423760,9
266,0.785398,1.200000,267,4014.010819,142623.687600,81.423760,9
267,0.785398,1.200000,268,4014.010819,142623.687600,81.423760,9
268,0.785398,1.200000,269,4014.010819,142623.687600,81.423760,9
269,0.785398,1.200000,270,4014.010819,142623.687600,81.423760,9
270,0.785398,1.200000,271,4014.010819,142623.687600,81.423760,9
271,0.785398,1.200000,272,4014.010819,142623.687600,81.423760,9
272,0.785398,1.200000,273,4014.010819,142623.687600,81.423760,9
273,0.785398,1.200000,274,4014.010819,142623.687600,81.423760,9
274,0.785398,1.200000,275,4014.010819,142623.687600,81.423760,9
275,0.785398,1.200000,276,4014.010819,142623.687600,81.423760,9
276,0.785398,1.200000,277,4014.010819,142623.687600,81.423760,9
277,0.785398,1.200000,278,4014.010819,142623.687600,81.423760,9
278,0.785398,1.200000,279,4019.450572,142845.866584,81.423760,9
279,0.785398,1.200000,280,4019.450572,142845.866584,81.423760,9
280,0.785398,1.200000,281,4019.450572,142845.866584,81.423760,9
281,0.785398,1.200000,282,4019.450572,142845.866584,81.423760,9
282,0.785398,1.200000,283,4019.450572,142845.866584,81.423760,9
283,0.785398,1.200000,284,4019.450572,142845.866584,81.423760,9
284,0.785398,1.200000,285,4019.450572,142845.866584,81.423760,9
285,0.785398,1.200000,286,4019.450572,142845.866584,81.423760,9
286,0.785398,1.200000,287,5448.442271,179347.750943,81.423760,10
287,0.785398,1.200000,288,5539.306437,188235.749194,81.423760,10
288,0.785398,1.200000,289,5631.996728,197817.137874,82.692576,10
289,0.785398,1.200000,290,5655.959556,200145.328525,82.692576,10
290,0.785398,1.200000,291,5726.147210,205659.978458,82.692576,10
291,0.785398,1.200000,292,5770.886759,209498.049194,82.692576,10
292,0.785398,1.200000,293,5779.737717,210046.425393,82.692576,10
293,0.785398,1.200000,294,5799.641609,211211.456207,82.692576,10
294,0.785398,1.200000,295,5890.883961,218696.755037,85.323129,10
295,0.785398,1.200000,296,5979.465525,225433.938551,85.323129,10
296,0.785398,1.200000,297,6009.099173,226419.038200,85.323129,10
297,0.785398,1.200000,298,6040.371860,227438.909171,85.323129,10
298,0.785398,1.200000,299,6076.895397,229811.265967,85.323129,10
299,0.785398,1.200000,300,6134.774357,234206.496175,85.323129,10
300,0.785398,1.200000,301,6149.161587,234974.642936,85.323129,10
301,0.785398,1.200000,302,6181.718464,237013.662091,85.323129,10
302,0.785398,1.200000,303,6192.511979,237534.837478,85.323129,10
303,0.785398,1.200000,304,6201.362937,237926.534763,85.323129,10
304,0.785398,1.200000,305,6246.107211,240403.147490,85.323129,10
305,0.785398,1.200000,306,6255.935170,240823.786382,85.323129,10
306,0.785398,1.200000,307,6293.677100,242741.625588,85.323129,10
307,0.785398,1.200000,308,6323.791477,245553.497968,96.751051,10
308,0.785398,1.200000,309,6347.234875,247394.937150,96.751051,10
309,0.785398,1.200000,310,6389.675855,250498.422991,96.751051,10
310,0.785398,1.200000,311,6414.593330,251125.333567,96.751051,10
311,0.785398,1.200000,312,6433.206927,252138.603724,96.751051,10
312,0.785398,1.200000,313,6524.193483,256611.906031,96.751051,10
313,0.785398,1.200000,314,6560.579562,258970.745782,96.751051,10
314,0.785398,1.200000,315,6569.430520,259240.543499,96.751051,10
315,0.785398,1.200000,316,6591.036602,259982.638878,96.751051,10
316,0.785398,1.200000,317,6622.101854,261787.808094,96.751051,10
317,0.785398,1.200000,318,6648.654780,263194.000402,96.751051,10
318,0.785398,1.200000,319,6657.505738,263429.018773,96.751051,10
319,0.785398,1.200000,320,6675.259033,264119.223291,96.751051,10
320,0.785398,1.200000,321,6702.013432,264710.829323,96.751051,10
321,0.785398,1.200000,322,6710.864390,265060.491175,96.751051,10
322,0.785398,1.200000,323,6745.069811,266718.186460,96.751051,10
323,0.785398,1.200000,324,6746.063140,266754.564714,96.751051,10
324,0.785398,1.200000,325,6754.914098,266989.583086,96.751051,10
325,0.785398,1.200000,326,6763.765056,267224.601457,96.751051,10
326,0.785398,1.200000,327,6772.616014,267459.619828,96.751051,10
327,0.785398,1.200000,328,6812.514366,269722.157387,96.751051,10
328,0.785398,1.200000,329,6851.037992,273551.452259,96.751051,10
329,0.785398,1.200000,330,6884.200076,275672.796518,96.751051,10
330,0.785398,1.200000,331,6901.444146,276632.294514,96.751051,10
331,0.785398,1.200000,332,6928.234927,278069.079307,96.751051,10
332,0.785398,1.200000,333,6953.679131,279522.719403,96.751051,10
333,0.785398,1.200000,334,6970.218734,280062.982966,96.751051,10
334,0.785398,1.200000,335,7007.972876,281465.505312,96.751051,10
335,0.785398,1.200000,336,7028.989900,281979.398369,96.751051,10
336,0.785398,1.200000,337,7081.761851,285423.067966,96.751051,10
337,0.785398,1.200000,338,7095.974714,285963.333887,96.751051,10
338,0.785398,1.200000,339,7104.783469,287038.419223,96.751051,10
339,0.785398,1.200000,340,7137.848238,287819.346583,96.751051,10
340,0.785398,1.200000,341,7146.699196,287897.686040,96.751051,10
341,0.785398,1.200000,342,7155.550154,287976.025497,96.751051,10
342,0.785398,1.200000,343,7164.401112,288071.829766,96.751051,10
343,0.785398,1.200000,344,7175.142605,288250.701964,96.751051,10
344,0.785398,1.200000,345,7204.122159,289709.283256,96.751051,10
345,0.785398,1.200000,346,7222.411931,290327.289686,96.751051,10
346,0.785398,1.200000,347,7231.262889,290405.629143,96.751051,10
347,0.785398,1.200000,348,7262.887833,291936.951959,96.751051,10
348,0.785398,1.200000,349,7271.738791,292015.291416,96.751051,10
349,0.785398,1.200000,350,7280.589749,292093.630873,96.751051,10
350,0.785398,1.200000,351,7318.461393,294913.633361,96.751051,10
351,0.785398,1.200000,352,7334.915657,295344.002517,96.751051,10
352,0.785398,1.200000,353,7343.766615,295422.341974,96.751051,10
353,0.785398,1.200000,354,7352.775775,295503.506930,96.751051,10
354,0.785398,1.200000,355,7376.006120,295806.801907,96.751051,10
355,0.785398,1.200000,356,7385.832976,295912.650652,96.751051,10
356,0.785398,1.200000,357,7394.683934,295990.990109,96.751051,10
357,0.785398,1.200000,358,7408.136517,296241.680063,96.751051,10
358,0.785398,1.200000,359,7425.528598,296426.532177,96.751051,10
359,0.785398,1.200000,360,7434.379556,296504.871634,96.751051,10
360,0.785398,1.200000,361,7469.640610,298528.754081,96.751051,10
361,0.785398,1.200000,362,7478.491567,298607.093538,96.751051,10
362,0.785398,1.200000,363,7494.590589,298994.705712,96.751051,10
363,0.785398,1.200000,364,7509.810825,299375.132360,96.751051,10
364,0.785398,1.200000,365,7518.661783,299453.471817,96.751051,10
365,0.785398,1.200000,366,7527.883662,299538.514864,96.751051,10
366,0.785398,1.200000,367,7527.883662,299538.514864,96.751051,10
367,0.785398,1.200000,368,7537.711977,299638.921961,96.751051,10
368,0.785398,1.200000,369,7549.352364,299926.354320,96.751051,10
369,0.785398,1.200000,370,7578.826809,301010.114009,96.751051,10
370,0.785398,1.200000,371,7587.677767,301088.453466,96.751051,10
371,0.785398,1.200000,372,7587.677767,301088.453466,96.751051,10
372,0.785398,1.200000,373,7596.528725,301166.792923,96.751051,10
373,0.785398,1.200000,374,7596.528725,301166.792923,96.751051,10
374,0.785398,1.200000,375,7606.353766,301263.324344,96.751051,10
375,0.785398,1.200000,376,7615.204724,301341.663801,96.751051,10
376,0.785398,1.200000,377,7615.204724,301341.663801,96.751051,10
377,0.785398,1.200000,378,7617.097575,301505.766450,96.751051,10
378,0.785398,1.200000,379,7638.604021,303626.823111,96.751051,10
379,0.785398,1.200000,380,7671.423837,305549.700234,96.751051,10
380,0.785398,1.200000,381,7671.423837,305549.700234,96.751051,10
381,0.785398,1.200000,382,7679.675681,305829.138014,96.751051,10
382,0.785398,1.200000,383,7683.337652,306116.373361,96.751051,10
383,0.785398,1.200000,384,7683.337652,306116.373361,96.751051,10
384,0.785398,1.200000,385,7699.189111,306852.695233,96.751051,10
385,0.785398,1.200000,386,7711.604838,307387.740986,96.751051,10
386,0.785398,1.200000,387,7711.604838,307387.740986,96.751051,10
387,0.785398,1.200000,388,7711.604838,307387.740986,96.751051,10
388,0.785398,1.200000,389,7711.604838,307387.740986,96.751051,10
389,0.785398,1.200000,390,7724.532723,308107.965800,96.751051,10
390,0.785398,1.200000,391,7727.462361,308347.646926,96.751051,10
391,0.785398,1.200000,392,7727.462361,308347.646926,96.751051,10
392,0.785398,1.200000,393,7728.416515,308412.988131,96.751051,10
393,0.785398,1.200000,394,7735.649593,308607.498220,96.751051,10
394,0.785398,1.200000,395,7735.649593,308607.498220,96.751051,10
395,0.785398,1.200000,396,7751.186626,309016.288710,96.751051,10
396,0.785398,1.200000,397,7765.379061,310275.522579,96.751051,10
397,0.785398,1.200000,398,7772.849767,310836.184597,96.751051,10
398,0.785398,1.200000,399,7782.907447,311141.635718,96.751051,10
399,0.785398,1.200000,400,7810.677240,313147.944740,96.751051,10
400,0.785398,1.200000,401,7819.047184,313564.660591,96.751051,10
401,0.785398,1.200000,402,7827.160392,314009.966368,96.751051,10
402,0.785398,1.200000,403,7834.534352,314192.280247,96.751051,10
403,0.785398,1.200000,404,7834.534352,314192.280247,96.751051,10
404,0.785398,1.200000,405,7837.455982,314345.326123,96.751051,10
405,0.785398,1.200000,406,7909.542504,319491.108991,96.751051,10
406,0.785398,1.200000,407,7909.542504,319491.108991,96.751051,10
407,0.785398,1.200000,408,7909.542504,319491.108991,96.751051,10
408,0.785398,1.200000,409,7909.542504,319491.108991,96.751051,10
409,0.785398,1.200000,410,7909.542504,319491.108991,96.751051,10
410,0.785398,1.200000,411,7931.443539,320658.921866,96.751051,10
411,0.785398,1.200000,412,7931.443539,320658.921866,96.751051,10
412,0.785398,1.200000,413,7931.443539,320658.921866,96.751051,10
413,0.785398,1.200000,414,7931.443539,320658.921866,96.751051,10
414,0.785398,1.200000,415,7931.443539,320658.921866,96.751051,10
415,0.785398,1.200000,416,7931.443539,320658.921866,96.751051,10
416,0.785398,1.200000,417,7938.728602,320726.291428,96.751051,10
417,0.785398,1.200000,418,7938.728602,320726.291428,96.751051,10
418,0.785398,1.200000,419,7938.728602,320726.291428,96.751051,10
419,0.785398,1.200000,420,7938.728602,320726.291428,96.751051,10
420,0.785398,1.200000,421,7986.471803,324740.771768,96.751051,10
421,0.785398,1.200000,422,7986.471803,324740.771768,96.751051,10
422,0.785398,1.200000,423,7994.869562,324978.374886,96.751051,10
423,0.785398,1.200000,424,8011.997043,325275.911321,96.751051,10
424,0.785398,1.200000,425,8011.997043,325275.911321,96.751051,10
425,0.785398,1.200000,426,8019.354391,325894.015496,96.751051,10
426,0.785398,1.200000,427,8027.869117,326568.521581,96.751051,10
427,0.785398,1.200000,428,8027.869117,326568.521581,96.751051,10
428,0.785398,1.200000,429,8040.173434,327653.453777,96.751051,10
429,0.785398,1.200000,430,8040.173434,327653.453777,96.751051,10
430,0.785398,1.200000,431,8040.173434,327653.453777,96.751051,10
431,0.785398,1.200000,432,8040.173434,327653.453777,96.751051,10
432,0.785398,1.200000,433,8063.087028,328868.142184,96.751051,10
433,0.785398,1.200000,434,8063.087028,328868.142184,96.751051,10
434,0.785398,1.200000,435,8063.087028,328868.142184,96.751051,10
435,0.785398,1.200000,436,8063.087028,328868.142184,96.751051,10
436,0.785398,1.200000,437,8063.087028,328868.142184,96.751051,10
437,0.785398,1.200000,438,8063.087028,328868.142184,96.751051,10
438,0.785398,1.200000,439,8063.087028,328868.142184,96.751051,10
439,0.785398,1.200000,440,8063.087028,328868.142184,96.751051,10
440,0.785398,1.200000,441,8063.087028,328868.142184,96.751051,10
441,0.785398,1.200000,442,8063.087028,328868.142184,96.751051,10
442,0.785398,1.200000,443,8065.019129,328906.077078,96.751051,10
443,0.785398,1.200000,444,8065.019129,328906.077078,96.751051,10
444,0.785398,1.200000,445,8065.019129,328906.077078,96.751051,10
445,0.785398,1.200000,446,8065.019129,328906.077078,96.751051,10
446,0.785398,1.200000,447,8065.019129,328906.077078,96.751051,10
447,0.785398,1.200000,448,8065.019129,328906.077078,96.751051,10
448,0.785398,1.200000,449,8072.152519,329299.590676,96.751051,10
449,0.785398,1.200000,450,8072.152519,329299.590676,96.751051,10
450,0.785398,1.200000,451,8072.152519,329299.590676,96.751051,10
451,0.785398,1.200000,452,8072.152519,329299.590676,96.751051,10
452,0.785398,1.200000,453,8072.152519,329299.590676,96.751051,10
453,0.785398,1.200000,454,8077.810860,329453.444015,96.751051,10
454,0.785398,1.200000,455,8077.810860,329453.444015,96.751051,10
455,0.785398,1.200000,456,8077.810860,329453.444015,96.751051,10
456,0.785398,1.200000,457,8077.810860,329453.444015,96.751051,10
457,0.785398,1.200000,458,8077.810860,329453.444015,96.751051,10
458,0.785398,1.200000,459,8077.810860,329453.444015,96.751051,10
459,0.785398,1.200000,460,8077.810860,329453.444015,96.751051,10
460,0.785398,1.200000,461,8077.810860,329453.444015,96.751051,10
461,0.785398,1.200000,462,8077.810860,329453.444015,96.751051,10
462,0.785398,1.200000,463,8077.810860,329453.444015,96.751051,10
463,0.785398,1.200000,464,8077.810860,329453.444015,96.751051,10
464,0.785398,1.200000,465,8080.635990,329598.374653,96.751051,10
465,0.785398,1.200000,466,8082.506328,329634.981373,96.751051,10
466,0.785398,1.200000,467,8082.506328,329634.981373,96.751051,10
467,0.785398,1.200000,468,8082.506328,329634.981373,96.751051,10
468,0.785398,1.200000,469,8082.506328,329634.981373,96.751051,10
469,0.785398,1.200000,470,8082.506328,329634.981373,96.751051,10
470,0.785398,1.200000,471,8082.506328,329634.981373,96.751051,10
471,0.785398,1.200000,472,8082.506328,329634.981373,96.751051,10
472,0.785398,1.200000,473,8082.506328,329634.981373,96.751051,10
473,0.785398,1.200000,474,8082.506328,329634.981373,96.751051,10
474,0.785398,1.200000,475,8082.506328,329634.981373,96.751051,10
475,0.785398,1.200000,476,8082.506328,329634.981373,96.751051,10
476,0.785398,1.200000,477,10697.132710,406671.739524,96.751051,11
477,0.785398,1.200000,478,10806.741124,418041.318999,96.751051,11
478,0.785398,1.200000,479,10908.493872,429722.425902,96.751051,11
479,0.785398,1.200000,480,10936.453085,431836.830833,96.751051,11
480,0.785398,1.200000,481,10973.628976,434957.978594,96.751051,11
481,0.785398,1.200000,482,11085.839140,448421.638826,99.463480,11
482,0.785398,1.200000,483,11182.591592,457714.000362,108.314438,11
483,0.785398,1.200000,484,11226.204935,462443.060845,108.314438,11
484,0.785398,1.200000,485,11238.926324,463144.012682,108.314438,11
485,0.785398,1.200000,486,11295.223214,467752.431415,108.314438,11
486,0.785398,1.200000,487,11387.205598,473911.510583,108.314438,11
487,0.785398,1.200000,488,11557.169655,487727.956584,108.314438,11
488,0.785398,1.200000,489,11577.582813,489151.756676,108.314438,11
489,0.785398,1.200000,490,11597.056212,490427.577402,108.314438,11
490,0.785398,1.200000,491,11759.247204,505347.242177,108.314438,11
491,0.785398,1.200000,492,11809.115556,511951.695073,120.696883,11
492,0.785398,1.200000,493,11889.814619,517651.101255,120.696883,11
493,0.785398,1.200000,494,11910.133775,518610.228974,120.696883,11
494,0.785398,1.200000,495,12019.970019,527575.047136,129.622614,11
495,0.785398,1.200000,496,12061.754521,529615.526304,129.622614,11
496,0.785398,1.200000,497,12072.570367,530071.355834,129.622614,11
497,0.785398,1.200000,498,12092.227251,530824.301335,129.622614,11
498,0.785398,1.200000,499,12125.906868,531922.182114,129.622614,11
499,0.785398,1.200000,500,12145.055955,533117.511845,129.622614,11
500,0.785398,1.200000,501,12171.920008,534311.888825,129.622614,11
501,0.785398,1.200000,502,12234.996836,536772.004071,129.622614,11
502,0.785398,1.200000,503,12310.735369,545651.639876,134.469291,11
503,0.785398,1.200000,504,12392.574806,553671.835936,136.392238,11
504,0.785398,1.200000,505,12429.817171,557194.316587,136.392238,11
505,0.785398,1.200000,506,12473.790280,562711.446671,136.392238,11
506,0.785398,1.200000,507,12486.246940,562963.720741,136.392238,11
507,0.785398,1.200000,508,12584.786659,570390.812973,136.392238,11
508,0.785398,1.200000,509,12616.369031,571526.787794,136.392238,11
509,0.785398,1.200000,510,12632.464011,572144.140722,136.392238,11
510,0.785398,1.200000,511,12659.118561,573008.047755,136.392238,11
511,0.785398,1.200000,512,12693.671830,573904.988696,136.392238,11
512,0.785398,1.200000,513,12711.096172,574582.292523,136.392238,11
513,0.785398,1.200000,514,12738.761384,575918.184245,136.392238,11
514,0.785398,1.200000,515,12763.339680,576944.386049,136.392238,11
515,0.785398,1.200000,516,12804.595408,579568.338327,136.392238,11
516,0.785398,1.200000,517,12832.450607,581074.974958,136.392238,11
517,0.785398,1.200000,518,12852.296054,581689.737223,136.392238,11
518,0.785398,1.200000,519,12942.886516,589796.897369,136.392238,11
519,0.785398,1.200000,520,12964.070434,590669.805713,136.392238,11
520,0.785398,1.200000,521,13001.904891,592188.441082,136.392238,11
521,0.785398,1.200000,522,13001.904891,592188.441082,136.392238,11
522,0.785398,1.200000,523,13034.953233,593936.853648,136.392238,11
523,0.785398,1.200000,524,13045.772633,594303.040072,136.392238,11
524,0.785398,1.200000,525,13054.623591,594538.058443,136.392238,11
525,0.785398,1.200000,526,13073.835549,595601.031066,136.392238,11
526,0.785398,1.200000,527,13082.686507,595836.049438,136.392238,11
527,0.785398,1.200000,528,13126.367394,598777.919362,136.392238,11
528,0.785398,1.200000,529,13155.394928,600253.090396,136.392238,11
529,0.785398,1.200000,530,13186.780195,601937.338823,136.392238,11
530,0.785398,1.200000,531,13190.531841,601951.413665,136.392238,11
531,0.785398,1.200000,532,13210.699640,602700.251768,136.392238,11